{
    "id": "PAY-1AT16873PN425060ALP5O2HY",
    "intent": "sale",
    "state": "approved",
    "cart": "7VU48689YW224615U",
    "payer": {
        "payment_method": "paypal",
        "status": "VERIFIED",
        "payer_info": {
            "email": "jim-buyer@gmail.com",
            "first_name": "Mary",
            "last_name": "Ann",
            "payer_id": "YX5C5LV6DB442",
            "shipping_address": {
                "recipient_name": "Mary Ann",
                "line1": "1 Main St",
                "city": "San Jose",
                "state": "CA",
                "postal_code": "95131",
                "country_code": "US"
            },
            "country_code": "US"
        }
    },
    "transactions": [
        {
            "amount": {
                "total": "20.00",
                "currency": "USD",
                "details": {
                    "subtotal": "17.50",
                    "tax": "1.30",
                    "shipping": "1.20"
                }
            },
            "payee": {
                "merchant_id": "6QTNYKYLA6XB2",
                "email": "jimseller@gmail.com"
            },
            "description": "Payment description",
            "invoice_number": "5bfaed0d9436b",
            "item_list": {
                "items": [
                    {
                        "name": "Ground Coffee 40 oz",
                        "sku": "123123",
                        "price": "7.50",
                        "currency": "USD",
                        "quantity": 1
                    },
                    {
                        "name": "Granola bars",
                        "sku": "321321",
                        "price": "2.00",
                        "currency": "USD",
                        "quantity": 5
                    }
                ],
                "shipping_address": {
                    "recipient_name": "Mary Ann",
                    "line1": "1 Main St",
                    "city": "San Jose",
                    "state": "CA",
                    "postal_code": "95131",
                    "country_code": "US"
                }
            },
            "related_resources": [
                {
                    "sale": {
                        "id": "4DT82954UR097962X",
                        "state": "completed",
                        "amount": {
                            "total": "20.00",
                            "currency": "USD",
                            "details": {
                                "subtotal": "17.50",
                                "tax": "1.30",
                                "shipping": "1.20"
                            }
                        },
                        "payment_mode": "INSTANT_TRANSFER",
                        "protection_eligibility": "ELIGIBLE",
                        "protection_eligibility_type": "ITEM_NOT_RECEIVED_ELIGIBLE,UNAUTHORIZED_PAYMENT_ELIGIBLE",
                        "transaction_fee": {
                            "value": "0.88",
                            "currency": "USD"
                        },
                        "parent_payment": "PAY-1AT16873PN425060ALP5O2HY",
                        "create_time": "2018-11-25T18:55:20Z",
                        "update_time": "2018-11-25T18:55:20Z",
                        "links": [
                            {
                                "href": "https://api.sandbox.paypal.com/v1/payments/sale/4DT82954UR097962X",
                                "rel": "self",
                                "method": "GET"
                            },
                            {
                                "href": "https://api.sandbox.paypal.com/v1/payments/sale/4DT82954UR097962X/refund",
                                "rel": "refund",
                                "method": "POST"
                            },
                            {
                                "href": "https://api.sandbox.paypal.com/v1/payments/payment/PAY-1AT16873PN425060ALP5O2HY",
                                "rel": "parent_payment",
                                "method": "GET"
                            }
                        ]
                    }
                }
            ]
        }
    ],
    "redirect_urls": {
        "return_url": "http://chemist.dev/execute-payment?paymentId=PAY-1AT16873PN425060ALP5O2HY",
        "cancel_url": "http://chemist.dev/cancel"
    },
    "create_time": "2018-11-25T18:55:21Z",
    "update_time": "2018-11-25T18:55:14Z",
    "links": [
        {
            "href": "https://api.sandbox.paypal.com/v1/payments/payment/PAY-1AT16873PN425060ALP5O2HY",
            "rel": "self",
            "method": "GET"
        }
    ]
}